Zeitstempel;Name des Kindes;Name der Eltern;Terminwunsch
05.11.2026 08:00:00;Lena Meier;Familie Meier;Do 12.11., 18:30–18:45 Uhr
05.11.2026 08:13:07;Noah Keller;Frau Keller;Do 12.11., 17:00–17:15 Uhr
05.11.2026 08:26:14;Mia Brunner;Herr Brunner;Do 12.11., 19:00–19:15 Uhr
05.11.2026 08:39:21;Elias Frei;Familie Frei;Fr 13.11., 17:30–17:45 Uhr
05.11.2026 09:52:28;Sara Gerber;Frau Gerber;Do 12.11., 16:15–16:30 Uhr
05.11.2026 09:05:35;Luca Huber;Familie Huber;Do 12.11., 19:00–19:15 Uhr
05.11.2026 09:18:42;Emma Weber;Herr Weber;Fr 13.11., 16:45–17:00 Uhr
05.11.2026 09:31:49;Jonas Steiner;Familie Steiner;Do 12.11., 16:45–17:00 Uhr
05.11.2026 10:44:56;Anna Fischer;Frau Fischer;Do 12.11., 18:45–19:00 Uhr
05.11.2026 10:57:03;Leon Baumann;Familie Baumann;Fr 13.11., 17:00–17:15 Uhr
05.11.2026 10:10:10;Lara Schmid;Herr Schmid;Fr 13.11., 18:15–18:30 Uhr
05.11.2026 10:23:17;Finn Moser;Frau Moser;Fr 13.11., 16:30–16:45 Uhr
05.11.2026 11:36:24;Nina Roth;Familie Roth;Do 12.11., 17:30–17:45 Uhr
05.11.2026 11:49:31;Tim Graf;Familie Graf;Do 12.11., 16:00–16:15 Uhr
05.11.2026 11:02:38;Julia Wyss;Frau Wyss;Fr 13.11., 17:00–17:15 Uhr
05.11.2026 11:15:45;David Berger;Herr Berger;Fr 13.11., 16:15–16:30 Uhr
05.11.2026 12:28:52;Alina Suter;Familie Suter;Fr 13.11., 18:45–19:00 Uhr
05.11.2026 12:41:59;Marco Widmer;Frau Widmer;Fr 13.11., 19:30–19:45 Uhr
05.11.2026 12:54:06;Sophie Egger;Familie Egger;Fr 13.11., 18:30–18:45 Uhr
05.11.2026 12:07:13;Ben Zimmermann;Herr Zimmermann;Fr 13.11., 19:15–19:30 Uhr
